model,dims,sampler,L,step_size,integrator,tuning,acc_rate,ESS
GermanCredit,51,mclmc,12.627172470092773,0.4089899957180023,mclachlan,standard,1.0,0.001381177338771522
GermanCredit,51,mhmchmc,4.7949090003967285,0.44731053709983826,mclachlan,standard,0.901691198348999,0.000644936109893024
GermanCredit,51,mhmchmc:stage3=True,4.581408500671387,0.4487174451351166,mclachlan,standard,0.8936558365821838,0.00034446417703293264
GermanCredit,51,nuts,0.0,0.0,mclachlan,standard,0.9536665081977844,0.000263990368694067
