model,dims,sampler,L,step_size,integrator,tuning,acc_rate,ESS
StandardNormal,1000,mclmc,25.58864974975586,38.95423126220703,mclachlan,standard,1.0,0.4166666567325592
StandardNormal,1000,mhmchmc,31.507373809814453,28.64247703552246,mclachlan,standard,0.8839964866638184,0.178951233625412
StandardNormal,1000,mhmchmc,29.28753506098272,26.62503194567872,mclachlan,gridsearch:True,0.9085112810134888,0.1721763163805008
StandardNormal,1000,nuts,0.0,0.0,leapfrog,standard,0.8013749122619629,0.020639833062887192
