model,sampler,coeffs,result
10,mhmclmc,mclachlan,0.3246188461780548
10,mhmclmc,omelyan,0.17644907534122467
57,mhmclmc,mclachlan,0.2770809233188629
57,mhmclmc,omelyan,0.14541815221309662
317,mhmclmc,mclachlan,0.18399690091609955
317,mhmclmc,omelyan,0.12892213463783264
1779,mhmclmc,mclachlan,0.14564983546733856
1779,mhmclmc,omelyan,0.13365425169467926
10000,mhmclmc,mclachlan,0.09834390133619308
10000,mhmclmc,omelyan,0.13077691197395325
