model,sampler,coeffs,result
10,mhmclmc,mclachlan,0.025606706738471985
22,mhmclmc,mclachlan,0.027042334899306297
47,mhmclmc,mclachlan,0.02515588514506817
100,mhmclmc,mclachlan,0.024291083216667175
216,mhmclmc,mclachlan,0.027843158692121506
465,mhmclmc,mclachlan,0.02349252626299858
1000,mhmclmc,mclachlan,0.023028362542390823
2155,mhmclmc,mclachlan,0.021098610013723373
4642,mhmclmc,mclachlan,0.03155219554901123
10000,mhmclmc,mclachlan,0.022297026589512825
