model,dims,sampler,L,step_size,integrator,tuning,acc_rate,ESS
StandardNormal,100,mclmc,8.22974967956543,12.183027267456055,mclachlan,standard,1.0,0.41322314739227295
StandardNormal,100,mhmchmc,198.08367919921875,19.568700790405273,mclachlan,standard,0.6761434674263,0.00860519241541624
StandardNormal,100,nuts,0.0,0.0,leapfrog,standard,0.8083510398864746,0.054318301379680634
