Brownian Motion,Brownian Motion,Brownian Motion,Brownian Motion,Brownian Motion,Brownian Motion,Brownian Motion,Brownian Motion,Brownian Motion,Brownian Motion,Brownian Motion,Brownian Motion
mhmclmc,mhmclmc,mhmclmc,mhmclmc,nuts,nuts,nuts,nuts,mclmc,mclmc,mclmc,mclmc
"(0.5, 1.0, 0.5)","(0.1931833275037836, 0.5, 0.6136333449924328, 0.5, 0.1931833275037836)","(0.11888010966548, 0.29619504261126, 0.38111989033452, 0.40760991477748, 0.38111989033452, 0.29619504261126, 0.11888010966548)","(0.08398315262876693, 0.2539785108410595, 0.682236533571909, -0.03230286765269967, -0.266219686200676, 0.5566487136232804, -0.266219686200676, -0.03230286765269967, 0.682236533571909, 0.2539785108410595, 0.08398315262876693)","(0.5, 1.0, 0.5)","(0.1931833275037836, 0.5, 0.6136333449924328, 0.5, 0.1931833275037836)","(0.11888010966548, 0.29619504261126, 0.38111989033452, 0.40760991477748, 0.38111989033452, 0.29619504261126, 0.11888010966548)","(0.08398315262876693, 0.2539785108410595, 0.682236533571909, -0.03230286765269967, -0.266219686200676, 0.5566487136232804, -0.266219686200676, -0.03230286765269967, 0.682236533571909, 0.2539785108410595, 0.08398315262876693)","(0.5, 1.0, 0.5)","(0.1931833275037836, 0.5, 0.6136333449924328, 0.5, 0.1931833275037836)","(0.11888010966548, 0.29619504261126, 0.38111989033452, 0.40760991477748, 0.38111989033452, 0.29619504261126, 0.11888010966548)","(0.08398315262876693, 0.2539785108410595, 0.682236533571909, -0.03230286765269967, -0.266219686200676, 0.5566487136232804, -0.266219686200676, -0.03230286765269967, 0.682236533571909, 0.2539785108410595, 0.08398315262876693)"
0.046156205,0.034766845,0.011641236,0.018253593,0.0045674234,0.0071304096,0.005085284,0.03177825,0.032819167,0.034698125,0.116959065,0.0
2166.556,2876.3035,8590.153,5478.3735,21894.182,14024.439,19664.586,3146.8064,3047.0,2882.0,855.0,inf
